iter	Accuracy	MultiClass
0	0.5364583333	3.225291792
1	0.5247395833	3.050119104
2	0.5247395833	2.932754919
3	0.5260416667	2.825623275
4	0.5260416667	2.749697596
